date,title,author
"August 7, 2021",Can You Recycle a Hard Drive? Google Is Trying to Find Out,Maddie Stone
"August 6, 2021","Where to Get a Covid-19 Vaccine, and What to Expect",Matt Jancer
"August 6, 2021",Even Small Volcanic Eruptions Could Create Global Chaos,Matt Simon
"August 5, 2021",What Rat Empathy May Reveal About Human Compassion,Max G. Levy
"August 4, 2021",Exactly How Many People Have Long Covid?,"Grace Browne, WIRED UK"
"August 4, 2021",Scientists Could One Day Float an Aerial Robot Above Venus,Chris Wright
"August 3, 2021",How Did People Find the Fundamental Charge With Drops of Oil?,Rhett Allain
"August 3, 2021",Russia’s Latest Space Station Incident Points to Larger Issues,"Eric Berger, Ars Technica"
"August 3, 2021",Why Even the Fastest Human Can’t Outrun Your House Cat,Katrina Miller
"August 2, 2021",Sunny-Day Flooding Is About to Become More Than a Nuisance,Jim Morrison
"August 7, 2021",Can You Recycle a Hard Drive? Google Is Trying to Find Out,Maddie Stone
"August 6, 2021","Where to Get a Covid-19 Vaccine, and What to Expect",Matt Jancer
"August 6, 2021",Even Small Volcanic Eruptions Could Create Global Chaos,Matt Simon
"August 5, 2021",What Rat Empathy May Reveal About Human Compassion,Max G. Levy
"August 4, 2021",Exactly How Many People Have Long Covid?,"Grace Browne, WIRED UK"
"August 4, 2021",Scientists Could One Day Float an Aerial Robot Above Venus,Chris Wright
"August 3, 2021",How Did People Find the Fundamental Charge With Drops of Oil?,Rhett Allain
"August 3, 2021",Russia’s Latest Space Station Incident Points to Larger Issues,"Eric Berger, Ars Technica"
"August 3, 2021",Why Even the Fastest Human Can’t Outrun Your House Cat,Katrina Miller
"August 2, 2021",Sunny-Day Flooding Is About to Become More Than a Nuisance,Jim Morrison
"August 7, 2021",Can You Recycle a Hard Drive? Google Is Trying to Find Out,Maddie Stone
"August 6, 2021","Where to Get a Covid-19 Vaccine, and What to Expect",Matt Jancer
"August 6, 2021",Even Small Volcanic Eruptions Could Create Global Chaos,Matt Simon
"August 5, 2021",What Rat Empathy May Reveal About Human Compassion,Max G. Levy
"August 4, 2021",Exactly How Many People Have Long Covid?,"Grace Browne, WIRED UK"
"August 4, 2021",Scientists Could One Day Float an Aerial Robot Above Venus,Chris Wright
"August 3, 2021",How Did People Find the Fundamental Charge With Drops of Oil?,Rhett Allain
"August 3, 2021",Russia’s Latest Space Station Incident Points to Larger Issues,"Eric Berger, Ars Technica"
"August 3, 2021",Why Even the Fastest Human Can’t Outrun Your House Cat,Katrina Miller
"August 2, 2021",Sunny-Day Flooding Is About to Become More Than a Nuisance,Jim Morrison
"August 7, 2021",Can You Recycle a Hard Drive? Google Is Trying to Find Out,Maddie Stone
"August 6, 2021","Where to Get a Covid-19 Vaccine, and What to Expect",Matt Jancer
"August 6, 2021",Even Small Volcanic Eruptions Could Create Global Chaos,Matt Simon
"August 5, 2021",What Rat Empathy May Reveal About Human Compassion,Max G. Levy
"August 4, 2021",Exactly How Many People Have Long Covid?,"Grace Browne, WIRED UK"
"August 4, 2021",Scientists Could One Day Float an Aerial Robot Above Venus,Chris Wright
"August 3, 2021",How Did People Find the Fundamental Charge With Drops of Oil?,Rhett Allain
"August 3, 2021",Russia’s Latest Space Station Incident Points to Larger Issues,"Eric Berger, Ars Technica"
"August 3, 2021",Why Even the Fastest Human Can’t Outrun Your House Cat,Katrina Miller
"August 2, 2021",Sunny-Day Flooding Is About to Become More Than a Nuisance,Jim Morrison
"August 7, 2021",Can You Recycle a Hard Drive? Google Is Trying to Find Out,Maddie Stone
"August 6, 2021","Where to Get a Covid-19 Vaccine, and What to Expect",Matt Jancer
"August 6, 2021",Even Small Volcanic Eruptions Could Create Global Chaos,Matt Simon
"August 5, 2021",What Rat Empathy May Reveal About Human Compassion,Max G. Levy
"August 4, 2021",Exactly How Many People Have Long Covid?,"Grace Browne, WIRED UK"
"August 4, 2021",Scientists Could One Day Float an Aerial Robot Above Venus,Chris Wright
"August 3, 2021",How Did People Find the Fundamental Charge With Drops of Oil?,Rhett Allain
"August 3, 2021",Russia’s Latest Space Station Incident Points to Larger Issues,"Eric Berger, Ars Technica"
"August 3, 2021",Why Even the Fastest Human Can’t Outrun Your House Cat,Katrina Miller
"August 2, 2021",Sunny-Day Flooding Is About to Become More Than a Nuisance,Jim Morrison
"August 7, 2021",Can You Recycle a Hard Drive? Google Is Trying to Find Out,Maddie Stone
"August 6, 2021","Where to Get a Covid-19 Vaccine, and What to Expect",Matt Jancer
"August 6, 2021",Even Small Volcanic Eruptions Could Create Global Chaos,Matt Simon
"August 5, 2021",What Rat Empathy May Reveal About Human Compassion,Max G. Levy
"August 4, 2021",Exactly How Many People Have Long Covid?,"Grace Browne, WIRED UK"
"August 4, 2021",Scientists Could One Day Float an Aerial Robot Above Venus,Chris Wright
"August 3, 2021",How Did People Find the Fundamental Charge With Drops of Oil?,Rhett Allain
"August 3, 2021",Russia’s Latest Space Station Incident Points to Larger Issues,"Eric Berger, Ars Technica"
"August 3, 2021",Why Even the Fastest Human Can’t Outrun Your House Cat,Katrina Miller
"August 2, 2021",Sunny-Day Flooding Is About to Become More Than a Nuisance,Jim Morrison
"August 7, 2021",Can You Recycle a Hard Drive? Google Is Trying to Find Out,Maddie Stone
"August 6, 2021","Where to Get a Covid-19 Vaccine, and What to Expect",Matt Jancer
"August 6, 2021",Even Small Volcanic Eruptions Could Create Global Chaos,Matt Simon
"August 5, 2021",What Rat Empathy May Reveal About Human Compassion,Max G. Levy
"August 4, 2021",Exactly How Many People Have Long Covid?,"Grace Browne, WIRED UK"
"August 4, 2021",Scientists Could One Day Float an Aerial Robot Above Venus,Chris Wright
"August 3, 2021",How Did People Find the Fundamental Charge With Drops of Oil?,Rhett Allain
"August 3, 2021",Russia’s Latest Space Station Incident Points to Larger Issues,"Eric Berger, Ars Technica"
"August 3, 2021",Why Even the Fastest Human Can’t Outrun Your House Cat,Katrina Miller
"August 2, 2021",Sunny-Day Flooding Is About to Become More Than a Nuisance,Jim Morrison
"August 7, 2021",Can You Recycle a Hard Drive? Google Is Trying to Find Out,Maddie Stone
"August 6, 2021","Where to Get a Covid-19 Vaccine, and What to Expect",Matt Jancer
"August 6, 2021",Even Small Volcanic Eruptions Could Create Global Chaos,Matt Simon
"August 5, 2021",What Rat Empathy May Reveal About Human Compassion,Max G. Levy
"August 4, 2021",Exactly How Many People Have Long Covid?,"Grace Browne, WIRED UK"
"August 4, 2021",Scientists Could One Day Float an Aerial Robot Above Venus,Chris Wright
"August 3, 2021",How Did People Find the Fundamental Charge With Drops of Oil?,Rhett Allain
"August 3, 2021",Russia’s Latest Space Station Incident Points to Larger Issues,"Eric Berger, Ars Technica"
"August 3, 2021",Why Even the Fastest Human Can’t Outrun Your House Cat,Katrina Miller
"August 2, 2021",Sunny-Day Flooding Is About to Become More Than a Nuisance,Jim Morrison
"August 7, 2021",Can You Recycle a Hard Drive? Google Is Trying to Find Out,Maddie Stone
"August 6, 2021","Where to Get a Covid-19 Vaccine, and What to Expect",Matt Jancer
"August 6, 2021",Even Small Volcanic Eruptions Could Create Global Chaos,Matt Simon
"August 5, 2021",What Rat Empathy May Reveal About Human Compassion,Max G. Levy
"August 4, 2021",Exactly How Many People Have Long Covid?,"Grace Browne, WIRED UK"
"August 4, 2021",Scientists Could One Day Float an Aerial Robot Above Venus,Chris Wright
"August 3, 2021",How Did People Find the Fundamental Charge With Drops of Oil?,Rhett Allain
"August 3, 2021",Russia’s Latest Space Station Incident Points to Larger Issues,"Eric Berger, Ars Technica"
"August 3, 2021",Why Even the Fastest Human Can’t Outrun Your House Cat,Katrina Miller
"August 2, 2021",Sunny-Day Flooding Is About to Become More Than a Nuisance,Jim Morrison
"August 7, 2021",Can You Recycle a Hard Drive? Google Is Trying to Find Out,Maddie Stone
"August 6, 2021","Where to Get a Covid-19 Vaccine, and What to Expect",Matt Jancer
"August 6, 2021",Even Small Volcanic Eruptions Could Create Global Chaos,Matt Simon
"August 5, 2021",What Rat Empathy May Reveal About Human Compassion,Max G. Levy
"August 4, 2021",Exactly How Many People Have Long Covid?,"Grace Browne, WIRED UK"
"August 4, 2021",Scientists Could One Day Float an Aerial Robot Above Venus,Chris Wright
"August 3, 2021",How Did People Find the Fundamental Charge With Drops of Oil?,Rhett Allain
"August 3, 2021",Russia’s Latest Space Station Incident Points to Larger Issues,"Eric Berger, Ars Technica"
"August 3, 2021",Why Even the Fastest Human Can’t Outrun Your House Cat,Katrina Miller
"August 2, 2021",Sunny-Day Flooding Is About to Become More Than a Nuisance,Jim Morrison
